Dataset,Seed,Method,OS-HM
5G-NIDD,42,GONS,0.8468
5G-NIDD,43,GONS,0.8683
5G-NIDD,44,GONS,0.8905
5G-NIDD,45,GONS,0.8318
5G-NIDD,46,GONS,0.8418
5G-NIDD,47,GONS,0.8768
5G-NIDD,48,GONS,0.8356
5G-NIDD,49,GONS,0.8924
5G-NIDD,50,GONS,0.7528
5G-NIDD,51,GONS,0.8573
ToN-IoT,42,GONS,0.7731
ToN-IoT,43,GONS,0.7803
ToN-IoT,44,GONS,0.859
ToN-IoT,45,GONS,0.8252
ToN-IoT,46,GONS,0.8256
ToN-IoT,47,GONS,0.7594
ToN-IoT,48,GONS,0.7167
ToN-IoT,49,GONS,0.8125
ToN-IoT,50,GONS,0.8196
ToN-IoT,51,GONS,0.8536
N-BaIoT,42,GONS,0.6565
N-BaIoT,43,GONS,0.7648
N-BaIoT,44,GONS,0.8271
N-BaIoT,45,GONS,0.5972
N-BaIoT,46,GONS,0.7952
N-BaIoT,47,GONS,0.8151
N-BaIoT,48,GONS,0.8619
N-BaIoT,49,GONS,0.8051
N-BaIoT,50,GONS,0.7777
N-BaIoT,51,GONS,0.8034
CICIDS2018,42,GONS,0.7126
CICIDS2018,43,GONS,0.6684
CICIDS2018,44,GONS,0.8096
CICIDS2018,45,GONS,0.8171
CICIDS2018,46,GONS,0.4061
CICIDS2018,47,GONS,0.7615
CICIDS2018,48,GONS,0.7504
CICIDS2018,49,GONS,0.7727
CICIDS2018,50,GONS,0.7826
CICIDS2018,51,GONS,0.6209
Edge-IIoTset,42,GONS,0.7281
Edge-IIoTset,43,GONS,0.6537
Edge-IIoTset,44,GONS,0.5655
Edge-IIoTset,45,GONS,0.5975
Edge-IIoTset,46,GONS,0.6624
Edge-IIoTset,47,GONS,0.5803
Edge-IIoTset,48,GONS,0.639
Edge-IIoTset,49,GONS,0.5232
Edge-IIoTset,50,GONS,0.633
Edge-IIoTset,51,GONS,0.5874
CICIoT2023 (7-category),42,GONS,0.4826
CICIoT2023 (7-category),43,GONS,0.7043
CICIoT2023 (7-category),44,GONS,0.5504
CICIoT2023 (7-category),45,GONS,0.6246
CICIoT2023 (7-category),46,GONS,0.5643
CICIoT2023 (7-category),47,GONS,0.7016
CICIoT2023 (7-category),48,GONS,0.5909
CICIoT2023 (7-category),49,GONS,0.6929
CICIoT2023 (7-category),50,GONS,0.6284
CICIoT2023 (7-category),51,GONS,0.5324
NSL-KDD,42,GONS,0.1326
NSL-KDD,43,GONS,0.7055
NSL-KDD,44,GONS,0.5026
NSL-KDD,45,GONS,0.7365
NSL-KDD,46,GONS,0.337
NSL-KDD,47,GONS,0.8063
NSL-KDD,48,GONS,0.6977
NSL-KDD,49,GONS,0.8052
NSL-KDD,50,GONS,0.8453
NSL-KDD,51,GONS,0.4359
5G-NIDD,42,EWC-NCM,0.4974
5G-NIDD,43,EWC-NCM,0.1179
5G-NIDD,44,EWC-NCM,0.834
5G-NIDD,45,EWC-NCM,0.4426
5G-NIDD,46,EWC-NCM,0.1592
5G-NIDD,47,EWC-NCM,0.2252
5G-NIDD,48,EWC-NCM,0.2816
5G-NIDD,49,EWC-NCM,0.1837
5G-NIDD,50,EWC-NCM,0.5312
5G-NIDD,51,EWC-NCM,0.4428
ToN-IoT,42,EWC-NCM,0.7255
ToN-IoT,43,EWC-NCM,0.449
ToN-IoT,44,EWC-NCM,0.6103
ToN-IoT,45,EWC-NCM,0.5059
ToN-IoT,46,EWC-NCM,0.7798
ToN-IoT,47,EWC-NCM,0.7544
ToN-IoT,48,EWC-NCM,0.3683
ToN-IoT,49,EWC-NCM,0.5953
ToN-IoT,50,EWC-NCM,0.4634
ToN-IoT,51,EWC-NCM,0.7054
N-BaIoT,42,EWC-NCM,0.6905
N-BaIoT,43,EWC-NCM,0.7913
N-BaIoT,44,EWC-NCM,0.6397
N-BaIoT,45,EWC-NCM,0.516
N-BaIoT,46,EWC-NCM,0.6917
N-BaIoT,47,EWC-NCM,0.7281
N-BaIoT,48,EWC-NCM,0.6898
N-BaIoT,49,EWC-NCM,0.5526
N-BaIoT,50,EWC-NCM,0.6859
N-BaIoT,51,EWC-NCM,0.7296
CICIDS2018,42,EWC-NCM,0.2979
CICIDS2018,43,EWC-NCM,0.5657
CICIDS2018,44,EWC-NCM,0.5442
CICIDS2018,45,EWC-NCM,0.4861
CICIDS2018,46,EWC-NCM,0.5712
CICIDS2018,47,EWC-NCM,0.5824
CICIDS2018,48,EWC-NCM,0.3187
CICIDS2018,49,EWC-NCM,0.5666
CICIDS2018,50,EWC-NCM,0.597
CICIDS2018,51,EWC-NCM,0.4728
Edge-IIoTset,42,EWC-NCM,0.5265
Edge-IIoTset,43,EWC-NCM,0.4481
Edge-IIoTset,44,EWC-NCM,0.41
Edge-IIoTset,45,EWC-NCM,0.5126
Edge-IIoTset,46,EWC-NCM,0.4056
Edge-IIoTset,47,EWC-NCM,0.4681
Edge-IIoTset,48,EWC-NCM,0.4293
Edge-IIoTset,49,EWC-NCM,0.3673
Edge-IIoTset,50,EWC-NCM,0.3121
Edge-IIoTset,51,EWC-NCM,0.4612
CICIoT2023 (7-category),42,EWC-NCM,0.3778
CICIoT2023 (7-category),43,EWC-NCM,0.5846
CICIoT2023 (7-category),44,EWC-NCM,0.3494
CICIoT2023 (7-category),45,EWC-NCM,0.5192
CICIoT2023 (7-category),46,EWC-NCM,0.536
CICIoT2023 (7-category),47,EWC-NCM,0.4772
CICIoT2023 (7-category),48,EWC-NCM,0.538
CICIoT2023 (7-category),49,EWC-NCM,0.4494
CICIoT2023 (7-category),50,EWC-NCM,0.5192
CICIoT2023 (7-category),51,EWC-NCM,0.3897
NSL-KDD,42,EWC-NCM,0.7453
NSL-KDD,43,EWC-NCM,0.4925
NSL-KDD,44,EWC-NCM,0.5837
NSL-KDD,45,EWC-NCM,0.3646
NSL-KDD,46,EWC-NCM,0.4434
NSL-KDD,47,EWC-NCM,0.1949
NSL-KDD,48,EWC-NCM,0.6598
NSL-KDD,49,EWC-NCM,0.4843
NSL-KDD,50,EWC-NCM,0.6427
NSL-KDD,51,EWC-NCM,0.8048
5G-NIDD,42,OpenMax,0.168
5G-NIDD,43,OpenMax,0.0242
5G-NIDD,44,OpenMax,0.6456
5G-NIDD,45,OpenMax,0.6532
5G-NIDD,46,OpenMax,0.0182
5G-NIDD,47,OpenMax,0.5516
5G-NIDD,48,OpenMax,0.4798
5G-NIDD,49,OpenMax,0.1408
5G-NIDD,50,OpenMax,0.479
5G-NIDD,51,OpenMax,0.3187
ToN-IoT,42,OpenMax,0.3883
ToN-IoT,43,OpenMax,0.4147
ToN-IoT,44,OpenMax,0.206
ToN-IoT,45,OpenMax,0.3698
ToN-IoT,46,OpenMax,0.1702
ToN-IoT,47,OpenMax,0.4006
ToN-IoT,48,OpenMax,0.0521
ToN-IoT,49,OpenMax,0.1419
ToN-IoT,50,OpenMax,0.0601
ToN-IoT,51,OpenMax,0.5514
N-BaIoT,42,OpenMax,0.4664
N-BaIoT,43,OpenMax,0.588
N-BaIoT,44,OpenMax,0.7127
N-BaIoT,45,OpenMax,0.4847
N-BaIoT,46,OpenMax,0.6007
N-BaIoT,47,OpenMax,0.5152
N-BaIoT,48,OpenMax,0.483
N-BaIoT,49,OpenMax,0.3912
N-BaIoT,50,OpenMax,0.6188
N-BaIoT,51,OpenMax,0.7387
CICIDS2018,42,OpenMax,0.0157
CICIDS2018,43,OpenMax,0.1862
CICIDS2018,44,OpenMax,0.6594
CICIDS2018,45,OpenMax,0.5683
CICIDS2018,46,OpenMax,0.2556
CICIDS2018,47,OpenMax,0.5838
CICIDS2018,48,OpenMax,0.3527
CICIDS2018,49,OpenMax,0.6307
CICIDS2018,50,OpenMax,0.5519
CICIDS2018,51,OpenMax,0.2009
Edge-IIoTset,42,OpenMax,0.3219
Edge-IIoTset,43,OpenMax,0.3118
Edge-IIoTset,44,OpenMax,0.4881
Edge-IIoTset,45,OpenMax,0.2149
Edge-IIoTset,46,OpenMax,0.1285
Edge-IIoTset,47,OpenMax,0.172
Edge-IIoTset,48,OpenMax,0.4115
Edge-IIoTset,49,OpenMax,0.3862
Edge-IIoTset,50,OpenMax,0.2021
Edge-IIoTset,51,OpenMax,0.4159
CICIoT2023 (7-category),42,OpenMax,0.1356
CICIoT2023 (7-category),43,OpenMax,0.4169
CICIoT2023 (7-category),44,OpenMax,0.3641
CICIoT2023 (7-category),45,OpenMax,0.3357
CICIoT2023 (7-category),46,OpenMax,0.1397
CICIoT2023 (7-category),47,OpenMax,0.4428
CICIoT2023 (7-category),48,OpenMax,0.2777
CICIoT2023 (7-category),49,OpenMax,0.4432
CICIoT2023 (7-category),50,OpenMax,0.3393
CICIoT2023 (7-category),51,OpenMax,0.1701
NSL-KDD,42,OpenMax,0.3831
NSL-KDD,43,OpenMax,0.2029
NSL-KDD,44,OpenMax,0.4826
NSL-KDD,45,OpenMax,0.3518
NSL-KDD,46,OpenMax,0.3852
NSL-KDD,47,OpenMax,0.2443
NSL-KDD,48,OpenMax,0.6411
NSL-KDD,49,OpenMax,0.6117
NSL-KDD,50,OpenMax,0.365
NSL-KDD,51,OpenMax,0.4956
5G-NIDD,42,MSP,0.0288
5G-NIDD,43,MSP,0.0254
5G-NIDD,44,MSP,0.0295
5G-NIDD,45,MSP,0.2339
5G-NIDD,46,MSP,0.0328
5G-NIDD,47,MSP,0.4365
5G-NIDD,48,MSP,0.4044
5G-NIDD,49,MSP,0.0581
5G-NIDD,50,MSP,0.0517
5G-NIDD,51,MSP,0.3644
ToN-IoT,42,MSP,0.4033
ToN-IoT,43,MSP,0.2527
ToN-IoT,44,MSP,0.4648
ToN-IoT,45,MSP,0.3241
ToN-IoT,46,MSP,0.2122
ToN-IoT,47,MSP,0.4325
ToN-IoT,48,MSP,0.4679
ToN-IoT,49,MSP,0.2534
ToN-IoT,50,MSP,0.4244
ToN-IoT,51,MSP,0.3283
N-BaIoT,42,MSP,0.3366
N-BaIoT,43,MSP,0.2204
N-BaIoT,44,MSP,0.2949
N-BaIoT,45,MSP,0.2657
N-BaIoT,46,MSP,0.231
N-BaIoT,47,MSP,0.2978
N-BaIoT,48,MSP,0.4061
N-BaIoT,49,MSP,0.2286
N-BaIoT,50,MSP,0.108
N-BaIoT,51,MSP,0.2818
CICIDS2018,42,MSP,0.1934
CICIDS2018,43,MSP,0.098
CICIDS2018,44,MSP,0.45
CICIDS2018,45,MSP,0.3072
CICIDS2018,46,MSP,0.4186
CICIDS2018,47,MSP,0.4499
CICIDS2018,48,MSP,0.3511
CICIDS2018,49,MSP,0.4288
CICIDS2018,50,MSP,0.6154
CICIDS2018,51,MSP,0.1693
Edge-IIoTset,42,MSP,0.3278
Edge-IIoTset,43,MSP,0.4292
Edge-IIoTset,44,MSP,0.4044
Edge-IIoTset,45,MSP,0.4307
Edge-IIoTset,46,MSP,0.4307
Edge-IIoTset,47,MSP,0.3237
Edge-IIoTset,48,MSP,0.4306
Edge-IIoTset,49,MSP,0.4721
Edge-IIoTset,50,MSP,0.4555
Edge-IIoTset,51,MSP,0.5693
CICIoT2023 (7-category),42,MSP,0.4341
CICIoT2023 (7-category),43,MSP,0.0507
CICIoT2023 (7-category),44,MSP,0.4705
CICIoT2023 (7-category),45,MSP,0.2994
CICIoT2023 (7-category),46,MSP,0.3223
CICIoT2023 (7-category),47,MSP,0.1768
CICIoT2023 (7-category),48,MSP,0.0336
CICIoT2023 (7-category),49,MSP,0.1702
CICIoT2023 (7-category),50,MSP,0.2986
CICIoT2023 (7-category),51,MSP,0.4442
NSL-KDD,42,MSP,0.2801
NSL-KDD,43,MSP,0.3828
NSL-KDD,44,MSP,0.462
NSL-KDD,45,MSP,0.6156
NSL-KDD,46,MSP,0.2482
NSL-KDD,47,MSP,0.4615
NSL-KDD,48,MSP,0.5644
NSL-KDD,49,MSP,0.6837
NSL-KDD,50,MSP,0.5315
NSL-KDD,51,MSP,0.4699
5G-NIDD,42,NC-FSCIL,0.2866
5G-NIDD,43,NC-FSCIL,0.1756
5G-NIDD,44,NC-FSCIL,0.7991
5G-NIDD,45,NC-FSCIL,0.7592
5G-NIDD,46,NC-FSCIL,0.5261
5G-NIDD,47,NC-FSCIL,0.7513
5G-NIDD,48,NC-FSCIL,0.6468
5G-NIDD,49,NC-FSCIL,0.2193
5G-NIDD,50,NC-FSCIL,0.6317
5G-NIDD,51,NC-FSCIL,0.7621
ToN-IoT,42,NC-FSCIL,0.2131
ToN-IoT,43,NC-FSCIL,0.3082
ToN-IoT,44,NC-FSCIL,0.3859
ToN-IoT,45,NC-FSCIL,0.4058
ToN-IoT,46,NC-FSCIL,0.4728
ToN-IoT,47,NC-FSCIL,0.0
ToN-IoT,48,NC-FSCIL,0.0576
ToN-IoT,49,NC-FSCIL,0.1844
ToN-IoT,50,NC-FSCIL,0.0014
ToN-IoT,51,NC-FSCIL,0.3095
N-BaIoT,42,NC-FSCIL,0.3239
N-BaIoT,43,NC-FSCIL,0.3039
N-BaIoT,44,NC-FSCIL,0.762
N-BaIoT,45,NC-FSCIL,0.1415
N-BaIoT,46,NC-FSCIL,0.0751
N-BaIoT,47,NC-FSCIL,0.3157
N-BaIoT,48,NC-FSCIL,0.7107
N-BaIoT,49,NC-FSCIL,0.5996
N-BaIoT,50,NC-FSCIL,0.5074
N-BaIoT,51,NC-FSCIL,0.7301
CICIDS2018,42,NC-FSCIL,0.1289
CICIDS2018,43,NC-FSCIL,0.2453
CICIDS2018,44,NC-FSCIL,0.7264
CICIDS2018,45,NC-FSCIL,0.7127
CICIDS2018,46,NC-FSCIL,0.2795
CICIDS2018,47,NC-FSCIL,0.7493
CICIDS2018,48,NC-FSCIL,0.6843
CICIDS2018,49,NC-FSCIL,0.7516
CICIDS2018,50,NC-FSCIL,0.733
CICIDS2018,51,NC-FSCIL,0.4791
Edge-IIoTset,42,NC-FSCIL,0.2854
Edge-IIoTset,43,NC-FSCIL,0.1748
Edge-IIoTset,44,NC-FSCIL,0.165
Edge-IIoTset,45,NC-FSCIL,0.0896
Edge-IIoTset,46,NC-FSCIL,0.2867
Edge-IIoTset,47,NC-FSCIL,0.0
Edge-IIoTset,48,NC-FSCIL,0.0572
Edge-IIoTset,49,NC-FSCIL,0.1471
Edge-IIoTset,50,NC-FSCIL,0.1288
Edge-IIoTset,51,NC-FSCIL,0.026
CICIoT2023 (7-category),42,NC-FSCIL,0.0849
CICIoT2023 (7-category),43,NC-FSCIL,0.3193
CICIoT2023 (7-category),44,NC-FSCIL,0.0783
CICIoT2023 (7-category),45,NC-FSCIL,0.5173
CICIoT2023 (7-category),46,NC-FSCIL,0.2873
CICIoT2023 (7-category),47,NC-FSCIL,0.5316
CICIoT2023 (7-category),48,NC-FSCIL,0.0633
CICIoT2023 (7-category),49,NC-FSCIL,0.5316
CICIoT2023 (7-category),50,NC-FSCIL,0.5173
CICIoT2023 (7-category),51,NC-FSCIL,0.1755
NSL-KDD,42,NC-FSCIL,0.0
NSL-KDD,43,NC-FSCIL,0.0593
NSL-KDD,44,NC-FSCIL,0.0
NSL-KDD,45,NC-FSCIL,0.261
NSL-KDD,46,NC-FSCIL,0.0
NSL-KDD,47,NC-FSCIL,0.0678
NSL-KDD,48,NC-FSCIL,0.0
NSL-KDD,49,NC-FSCIL,0.0358
NSL-KDD,50,NC-FSCIL,0.0
NSL-KDD,51,NC-FSCIL,0.0
5G-NIDD,42,DOC,0.0624
5G-NIDD,43,DOC,0.0248
5G-NIDD,44,DOC,0.3215
5G-NIDD,45,DOC,0.3569
5G-NIDD,46,DOC,0.0779
5G-NIDD,47,DOC,0.1041
5G-NIDD,48,DOC,0.3627
5G-NIDD,49,DOC,0.1499
5G-NIDD,50,DOC,0.2996
5G-NIDD,51,DOC,0.3945
ToN-IoT,42,DOC,0.1584
ToN-IoT,43,DOC,0.1432
ToN-IoT,44,DOC,0.2343
ToN-IoT,45,DOC,0.3234
ToN-IoT,46,DOC,0.2594
ToN-IoT,47,DOC,0.2043
ToN-IoT,48,DOC,0.1862
ToN-IoT,49,DOC,0.1304
ToN-IoT,50,DOC,0.3592
ToN-IoT,51,DOC,0.1116
N-BaIoT,42,DOC,0.102
N-BaIoT,43,DOC,0.0987
N-BaIoT,44,DOC,0.2127
N-BaIoT,45,DOC,0.2682
N-BaIoT,46,DOC,0.3341
N-BaIoT,47,DOC,0.4185
N-BaIoT,48,DOC,0.2379
N-BaIoT,49,DOC,0.1059
N-BaIoT,50,DOC,0.0072
N-BaIoT,51,DOC,0.2919
CICIDS2018,42,DOC,0.0448
CICIDS2018,43,DOC,0.0579
CICIDS2018,44,DOC,0.211
CICIDS2018,45,DOC,0.2136
CICIDS2018,46,DOC,0.0557
CICIDS2018,47,DOC,0.1377
CICIDS2018,48,DOC,0.1753
CICIDS2018,49,DOC,0.1419
CICIDS2018,50,DOC,0.2149
CICIDS2018,51,DOC,0.1658
Edge-IIoTset,42,DOC,0.1847
Edge-IIoTset,43,DOC,0.1608
Edge-IIoTset,44,DOC,0.0724
Edge-IIoTset,45,DOC,0.0634
Edge-IIoTset,46,DOC,0.1549
Edge-IIoTset,47,DOC,0.0491
Edge-IIoTset,48,DOC,0.1231
Edge-IIoTset,49,DOC,0.038
Edge-IIoTset,50,DOC,0.0869
Edge-IIoTset,51,DOC,0.1066
CICIoT2023 (7-category),42,DOC,0.0941
CICIoT2023 (7-category),43,DOC,0.084
CICIoT2023 (7-category),44,DOC,0.1745
CICIoT2023 (7-category),45,DOC,0.0771
CICIoT2023 (7-category),46,DOC,0.1134
CICIoT2023 (7-category),47,DOC,0.0861
CICIoT2023 (7-category),48,DOC,0.1796
CICIoT2023 (7-category),49,DOC,0.0796
CICIoT2023 (7-category),50,DOC,0.0715
CICIoT2023 (7-category),51,DOC,0.1235
NSL-KDD,42,DOC,0.3955
NSL-KDD,43,DOC,0.1075
NSL-KDD,44,DOC,0.2964
NSL-KDD,45,DOC,0.3699
NSL-KDD,46,DOC,0.2853
NSL-KDD,47,DOC,0.1597
NSL-KDD,48,DOC,0.3274
NSL-KDD,49,DOC,0.4844
NSL-KDD,50,DOC,0.3368
NSL-KDD,51,DOC,0.5591
5G-NIDD,42,BiC,0.2893
5G-NIDD,43,BiC,0.231
5G-NIDD,44,BiC,0.2838
5G-NIDD,45,BiC,0.3024
5G-NIDD,46,BiC,0.1634
5G-NIDD,47,BiC,0.3477
5G-NIDD,48,BiC,0.3047
5G-NIDD,49,BiC,0.2768
5G-NIDD,50,BiC,0.2817
5G-NIDD,51,BiC,0.3278
ToN-IoT,42,BiC,0.314
ToN-IoT,43,BiC,0.2489
ToN-IoT,44,BiC,0.0828
ToN-IoT,45,BiC,0.2844
ToN-IoT,46,BiC,0.2542
ToN-IoT,47,BiC,0.1751
ToN-IoT,48,BiC,0.0311
ToN-IoT,49,BiC,0.2452
ToN-IoT,50,BiC,0.0713
ToN-IoT,51,BiC,0.0416
N-BaIoT,42,BiC,0.2104
N-BaIoT,43,BiC,0.1024
N-BaIoT,44,BiC,0.1053
N-BaIoT,45,BiC,0.1125
N-BaIoT,46,BiC,0.3458
N-BaIoT,47,BiC,0.2158
N-BaIoT,48,BiC,0.1797
N-BaIoT,49,BiC,0.1135
N-BaIoT,50,BiC,0.2373
N-BaIoT,51,BiC,0.1596
CICIDS2018,42,BiC,0.1792
CICIDS2018,43,BiC,0.1064
CICIDS2018,44,BiC,0.1711
CICIDS2018,45,BiC,0.1864
CICIDS2018,46,BiC,0.1652
CICIDS2018,47,BiC,0.1124
CICIDS2018,48,BiC,0.1324
CICIDS2018,49,BiC,0.1617
CICIDS2018,50,BiC,0.1754
CICIDS2018,51,BiC,0.1115
Edge-IIoTset,42,BiC,0.1666
Edge-IIoTset,43,BiC,0.2556
Edge-IIoTset,44,BiC,0.1191
Edge-IIoTset,45,BiC,0.1122
Edge-IIoTset,46,BiC,0.1655
Edge-IIoTset,47,BiC,0.0574
Edge-IIoTset,48,BiC,0.1094
Edge-IIoTset,49,BiC,0.062
Edge-IIoTset,50,BiC,0.0775
Edge-IIoTset,51,BiC,0.1
CICIoT2023 (7-category),42,BiC,0.2543
CICIoT2023 (7-category),43,BiC,0.1925
CICIoT2023 (7-category),44,BiC,0.1502
CICIoT2023 (7-category),45,BiC,0.1092
CICIoT2023 (7-category),46,BiC,0.2775
CICIoT2023 (7-category),47,BiC,0.1547
CICIoT2023 (7-category),48,BiC,0.1118
CICIoT2023 (7-category),49,BiC,0.1633
CICIoT2023 (7-category),50,BiC,0.1056
CICIoT2023 (7-category),51,BiC,0.0572
NSL-KDD,42,BiC,0.2156
NSL-KDD,43,BiC,0.1255
NSL-KDD,44,BiC,0.1182
NSL-KDD,45,BiC,0.0589
NSL-KDD,46,BiC,0.2444
NSL-KDD,47,BiC,0.0271
NSL-KDD,48,BiC,0.0396
NSL-KDD,49,BiC,0.0559
NSL-KDD,50,BiC,0.0569
NSL-KDD,51,BiC,0.102
5G-NIDD,42,RFS,0.139
5G-NIDD,43,RFS,0.0002
5G-NIDD,44,RFS,0.301
5G-NIDD,45,RFS,0.1558
5G-NIDD,46,RFS,0.001
5G-NIDD,47,RFS,0.16
5G-NIDD,48,RFS,0.2088
5G-NIDD,49,RFS,0.0206
5G-NIDD,50,RFS,0.2528
5G-NIDD,51,RFS,0.4561
ToN-IoT,42,RFS,0.031
ToN-IoT,43,RFS,0.0616
ToN-IoT,44,RFS,0.0653
ToN-IoT,45,RFS,0.0845
ToN-IoT,46,RFS,0.0491
ToN-IoT,47,RFS,0.0037
ToN-IoT,48,RFS,0.0001
ToN-IoT,49,RFS,0.0073
ToN-IoT,50,RFS,0.0
ToN-IoT,51,RFS,0.0071
N-BaIoT,42,RFS,0.2296
N-BaIoT,43,RFS,0.2857
N-BaIoT,44,RFS,0.0383
N-BaIoT,45,RFS,0.0002
N-BaIoT,46,RFS,0.2446
N-BaIoT,47,RFS,0.2572
N-BaIoT,48,RFS,0.2276
N-BaIoT,49,RFS,0.1462
N-BaIoT,50,RFS,0.4961
N-BaIoT,51,RFS,0.4345
CICIDS2018,42,RFS,0.0012
CICIDS2018,43,RFS,0.0
CICIDS2018,44,RFS,0.0583
CICIDS2018,45,RFS,0.008
CICIDS2018,46,RFS,0.0029
CICIDS2018,47,RFS,0.0161
CICIDS2018,48,RFS,0.0
CICIDS2018,49,RFS,0.069
CICIDS2018,50,RFS,0.0
CICIDS2018,51,RFS,0.0092
Edge-IIoTset,42,RFS,0.0278
Edge-IIoTset,43,RFS,0.0047
Edge-IIoTset,44,RFS,0.0553
Edge-IIoTset,45,RFS,0.0
Edge-IIoTset,46,RFS,0.0144
Edge-IIoTset,47,RFS,0.0
Edge-IIoTset,48,RFS,0.0363
Edge-IIoTset,49,RFS,0.0258
Edge-IIoTset,50,RFS,0.0106
Edge-IIoTset,51,RFS,0.1248
CICIoT2023 (7-category),42,RFS,0.1273
CICIoT2023 (7-category),43,RFS,0.0369
CICIoT2023 (7-category),44,RFS,0.1002
CICIoT2023 (7-category),45,RFS,0.0712
CICIoT2023 (7-category),46,RFS,0.1553
CICIoT2023 (7-category),47,RFS,0.0828
CICIoT2023 (7-category),48,RFS,0.0315
CICIoT2023 (7-category),49,RFS,0.0839
CICIoT2023 (7-category),50,RFS,0.0704
CICIoT2023 (7-category),51,RFS,0.0061
NSL-KDD,42,RFS,0.1294
NSL-KDD,43,RFS,0.019
NSL-KDD,44,RFS,0.1735
NSL-KDD,45,RFS,0.078
NSL-KDD,46,RFS,0.077
NSL-KDD,47,RFS,0.0024
NSL-KDD,48,RFS,0.0015
NSL-KDD,49,RFS,0.012
NSL-KDD,50,RFS,0.0146
NSL-KDD,51,RFS,0.0871
